[{"baseUrl":"/modelSimilarityService","className":"ModelSimilarityController","description":"ModelSimilarityController","docFileName":"cn_ist_management_controller_ModelSimilarityController.html","generateDocs":false,"packageName":"cn.ist.management.controller","requestNodes":[{"androidCodePath":"javaCodes/cn_ist_management_controller_ModelSimilarityController_queryModels_CommonResult.html","changeFlag":0,"codeFileUrl":"cn_ist_management_controller_ModelSimilarityController.html#queryModels","deprecated":false,"description":"查询相似模型","header":[],"iosCodePath":"iosCodes/cn_ist_management_controller_ModelSimilarityController_queryModels_CommonResult.html","method":["GET"],"methodName":"queryModels","paramNodes":[],"responseNode":{"childNodes":[{"loopNode":false,"name":"code","notNull":false,"type":"int"},{"loopNode":false,"name":"message","notNull":false,"type":"string"},{"childNode":{"childNodes":[{"loopNode":false,"name":"code","notNull":false,"type":"int"},{"loopNode":false,"name":"message","notNull":false,"type":"string"},{"childNode":{"childNodes":[],"className":"Data","list":false,"showFieldNotNull":false},"loopNode":false,"name":"data","notNull":false,"type":"Object"}],"classFileName":"/Users/nuo/Desktop/java/DataManagement/./src/main/java/cn/ist/management/vo/modelSimilarity/QueryModelsResponse.java","className":"QueryModelsResponse","list":false,"showFieldNotNull":false},"loopNode":false,"name":"data","notNull":false,"type":"QueryModelsResponse"}],"classFileName":"/Users/nuo/Desktop/java/DataManagement/./src/main/java/cn/ist/management/common/CommonResult.java","className":"CommonResult","list":false,"showFieldNotNull":false},"url":"/modelSimilarityService/models"},{"androidCodePath":"javaCodes/cn_ist_management_controller_ModelSimilarityController_queryTags_CommonResult.html","changeFlag":0,"codeFileUrl":"cn_ist_management_controller_ModelSimilarityController.html#queryTags","deprecated":false,"description":"查询相似标签","header":[],"iosCodePath":"iosCodes/cn_ist_management_controller_ModelSimilarityController_queryTags_CommonResult.html","method":["GET"],"methodName":"queryTags","paramNodes":[],"responseNode":{"childNodes":[{"loopNode":false,"name":"code","notNull":false,"type":"int"},{"loopNode":false,"name":"message","notNull":false,"type":"string"},{"childNode":{"childNodes":[{"loopNode":false,"name":"code","notNull":false,"type":"int"},{"loopNode":false,"name":"message","notNull":false,"type":"string"},{"childNode":{"childNodes":[],"className":"Data","list":false,"showFieldNotNull":false},"loopNode":false,"name":"data","notNull":false,"type":"Object"}],"classFileName":"/Users/nuo/Desktop/java/DataManagement/./src/main/java/cn/ist/management/vo/modelSimilarity/QueryTagsResponse.java","className":"QueryTagsResponse","list":false,"showFieldNotNull":false},"loopNode":false,"name":"data","notNull":false,"type":"QueryTagsResponse"}],"classFileName":"/Users/nuo/Desktop/java/DataManagement/./src/main/java/cn/ist/management/common/CommonResult.java","className":"CommonResult","list":false,"showFieldNotNull":false},"url":"/modelSimilarityService/models/tags"},{"androidCodePath":"javaCodes/cn_ist_management_controller_ModelSimilarityController_insertModel_CommonResult.html","changeFlag":0,"codeFileUrl":"cn_ist_management_controller_ModelSimilarityController.html#insertModel","deprecated":false,"description":"向量数据库新增模型","header":[],"iosCodePath":"iosCodes/cn_ist_management_controller_ModelSimilarityController_insertModel_CommonResult.html","method":["POST"],"methodName":"insertModel","paramNodes":[],"responseNode":{"childNodes":[{"loopNode":false,"name":"code","notNull":false,"type":"int"},{"loopNode":false,"name":"message","notNull":false,"type":"string"},{"childNode":{"childNodes":[{"loopNode":false,"name":"code","notNull":false,"type":"int"},{"loopNode":false,"name":"message","notNull":false,"type":"string"}],"classFileName":"/Users/nuo/Desktop/java/DataManagement/./src/main/java/cn/ist/management/vo/modelSimilarity/InsertModelResponse.java","className":"InsertModelResponse","list":false,"showFieldNotNull":false},"loopNode":false,"name":"data","notNull":false,"type":"InsertModelResponse"}],"classFileName":"/Users/nuo/Desktop/java/DataManagement/./src/main/java/cn/ist/management/common/CommonResult.java","className":"CommonResult","list":false,"showFieldNotNull":false},"url":"/modelSimilarityService/models"}],"srcFileName":"/Users/nuo/Desktop/java/DataManagement/./src/main/java/cn/ist/management/controller/ModelSimilarityController.java"},{"baseUrl":"","className":"DataAssetController","description":"DataAssetController","docFileName":"cn_ist_management_controller_DataAssetController.html","generateDocs":false,"packageName":"cn.ist.management.controller","requestNodes":[{"androidCodePath":"javaCodes/cn_ist_management_controller_DataAssetController_findByQueryDataAsset_CommonResult.html","changeFlag":0,"codeFileUrl":"cn_ist_management_controller_DataAssetController.html#findByQueryDataAsset","deprecated":false,"description":"findByModelAll","header":[],"iosCodePath":"iosCodes/cn_ist_management_controller_DataAssetController_findByQueryDataAsset_CommonResult.html","method":["GET"],"methodName":"findByQueryDataAsset","paramNodes":[],"responseNode":{"childNodes":[{"loopNode":false,"name":"code","notNull":false,"type":"int"},{"loopNode":false,"name":"message","notNull":false,"type":"string"},{"childNode":{"childNodes":[],"className":"T","list":false,"showFieldNotNull":false},"loopNode":false,"name":"data","notNull":false,"type":"Object"}],"classFileName":"/Users/nuo/Desktop/java/DataManagement/./src/main/java/cn/ist/management/common/CommonResult.java","className":"CommonResult","list":false,"showFieldNotNull":false},"supplement":"通过模型所有字段查找","url":"/findByModelAll"}],"srcFileName":"/Users/nuo/Desktop/java/DataManagement/./src/main/java/cn/ist/management/controller/DataAssetController.java"},{"baseUrl":"/dataSourceService","className":"DataSourceController","description":"DataSourceController","docFileName":"cn_ist_management_controller_DataSourceController.html","generateDocs":false,"packageName":"cn.ist.management.controller","requestNodes":[{"androidCodePath":"javaCodes/cn_ist_management_controller_DataSourceController_addDataSource_CommonResult.html","changeFlag":0,"codeFileUrl":"cn_ist_management_controller_DataSourceController.html#addDataSource","deprecated":false,"description":"addDataSource","header":[],"iosCodePath":"iosCodes/cn_ist_management_controller_DataSourceController_addDataSource_CommonResult.html","method":["POST"],"methodName":"addDataSource","paramNodes":[{"description":"{\n\t\"sourceType\":\"int\",\n\t\"url\":\"string\",\n\t\"tag\":\"string\",\n\t\"description\":\"string\",\n\t\"schemaName\":\"string //postgresql\",\n\t\"collectionName\":\"string //mongodb\",\n\t\"tableName\":\"string //postgresql influxdb\"\n}","jsonBody":true,"name":"addDataSourceFromVo","required":true,"type":"_object"}],"responseNode":{"childNodes":[{"loopNode":false,"name":"code","notNull":false,"type":"int"},{"loopNode":false,"name":"message","notNull":false,"type":"string"},{"childNode":{"childNodes":[],"className":"Void","list":false,"showFieldNotNull":false},"loopNode":false,"name":"data","notNull":false,"type":"Object"}],"classFileName":"/Users/nuo/Desktop/java/DataManagement/./src/main/java/cn/ist/management/common/CommonResult.java","className":"CommonResult","list":false,"showFieldNotNull":false},"url":"/dataSourceService/addDataSource"},{"androidCodePath":"javaCodes/cn_ist_management_controller_DataSourceController_getAllDataSource_CommonResult.html","changeFlag":0,"codeFileUrl":"cn_ist_management_controller_DataSourceController.html#getAllDataSource","deprecated":false,"description":"getAllDataSource","header":[],"iosCodePath":"iosCodes/cn_ist_management_controller_DataSourceController_getAllDataSource_CommonResult.html","method":["GET"],"methodName":"getAllDataSource","paramNodes":[],"responseNode":{"childNodes":[{"loopNode":false,"name":"code","notNull":false,"type":"int"},{"loopNode":false,"name":"message","notNull":false,"type":"string"},{"childNode":{"childNodes":[{"loopNode":false,"name":"dataSourceId","notNull":false,"type":"string"},{"loopNode":false,"name":"type","notNull":false,"type":"int"},{"description":"postgresql：ip port username password databaseName     mongodb: ip port username password databaseName     influxdb: ip port username password databaseName     directory: path","loopNode":false,"name":"url","notNull":false,"type":"string"},{"loopNode":false,"name":"tag","notNull":false,"type":"string"},{"loopNode":false,"name":"description","notNull":false,"type":"string"},{"childNode":{"childNodes":[],"className":"Map","list":false,"showFieldNotNull":false},"description":"sourceField : targetField","loopNode":false,"name":"fieldMap","notNull":false,"type":"Object"}],"classFileName":"/Users/nuo/Desktop/java/DataManagement/./src/main/java/cn/ist/management/po/source/DataSource.java","className":"DataSource","list":true,"showFieldNotNull":false},"loopNode":false,"name":"data","notNull":false,"type":"DataSource[]"}],"classFileName":"/Users/nuo/Desktop/java/DataManagement/./src/main/java/cn/ist/management/common/CommonResult.java","className":"CommonResult","list":false,"showFieldNotNull":false},"url":"/dataSourceService/getAllDataSource"},{"androidCodePath":"javaCodes/cn_ist_management_controller_DataSourceController_getMetaFields_CommonResult.html","changeFlag":0,"codeFileUrl":"cn_ist_management_controller_DataSourceController.html#getMetaFields","deprecated":false,"description":"getMetaFields","header":[],"iosCodePath":"iosCodes/cn_ist_management_controller_DataSourceController_getMetaFields_CommonResult.html","method":["POST"],"methodName":"getMetaFields","paramNodes":[{"description":"{\n\t\"sourceType\":\"int\",\n\t\"url\":\"string\",\n\t\"schemaName\":\"string //postgresql\",\n\t\"tableName\":\"string //postgresql influxdb\",\n\t\"collectionName\":\"string //mongodb\"\n}","jsonBody":true,"name":"getMetaFieldsFromVo","required":true,"type":"_object"}],"responseNode":{"childNodes":[{"loopNode":false,"name":"code","notNull":false,"type":"int"},{"loopNode":false,"name":"message","notNull":false,"type":"string"},{"childNode":{"childNodes":[{"loopNode":false,"name":"name","notNull":false,"type":"string"},{"loopNode":false,"name":"type","notNull":false,"type":"int"},{"loopNode":false,"name":"description","notNull":false,"type":"string"},{"description":"导出到文件中时进行脱敏","loopNode":false,"name":"sensitive","notNull":false,"type":"boolean"},{"description":"存到系统中时进行加密","loopNode":false,"name":"encrypt","notNull":false,"type":"boolean"},{"description":"用户查看时进行密级的判定，用户的level比字段的secretLevel高才能看到","loopNode":false,"name":"secretLevel","notNull":false,"type":"int"}],"classFileName":"/Users/nuo/Desktop/java/DataManagement/./src/main/java/cn/ist/management/po/Field.java","className":"Field","list":true,"showFieldNotNull":false},"loopNode":false,"name":"data","notNull":false,"type":"Field[]"}],"classFileName":"/Users/nuo/Desktop/java/DataManagement/./src/main/java/cn/ist/management/common/CommonResult.java","className":"CommonResult","list":false,"showFieldNotNull":false},"url":"/dataSourceService/getMetaFields"},{"androidCodePath":"javaCodes/cn_ist_management_controller_DataSourceController_getTables_CommonResult.html","changeFlag":0,"codeFileUrl":"cn_ist_management_controller_DataSourceController.html#getTables","deprecated":false,"description":"getTables","header":[],"iosCodePath":"iosCodes/cn_ist_management_controller_DataSourceController_getTables_CommonResult.html","method":["POST"],"methodName":"getTables","paramNodes":[{"description":"{\n\t\"sourceType\":\"int\",\n\t\"url\":\"string\"\n}","jsonBody":true,"name":"getTablesFromVO","required":true,"type":"_object"}],"responseNode":{"childNodes":[{"loopNode":false,"name":"code","notNull":false,"type":"int"},{"loopNode":false,"name":"message","notNull":false,"type":"string"},{"loopNode":false,"name":"data","notNull":false,"type":"string[]"}],"classFileName":"/Users/nuo/Desktop/java/DataManagement/./src/main/java/cn/ist/management/common/CommonResult.java","className":"CommonResult","list":false,"showFieldNotNull":false},"url":"/dataSourceService/getTables"}],"srcFileName":"/Users/nuo/Desktop/java/DataManagement/./src/main/java/cn/ist/management/controller/DataSourceController.java"},{"baseUrl":"/llmProxyService","className":"LLMController","description":"LLMController","docFileName":"cn_ist_management_controller_LLMController.html","generateDocs":false,"packageName":"cn.ist.management.controller","requestNodes":[{"androidCodePath":"javaCodes/cn_ist_management_controller_LLMController_queryLLM_CommonResult.html","changeFlag":0,"codeFileUrl":"cn_ist_management_controller_LLMController.html#queryLLM","deprecated":false,"description":"相似Tag查询","header":[],"iosCodePath":"iosCodes/cn_ist_management_controller_LLMController_queryLLM_CommonResult.html","method":["POST"],"methodName":"queryLLM","paramNodes":[],"responseNode":{"childNodes":[{"loopNode":false,"name":"code","notNull":false,"type":"int"},{"loopNode":false,"name":"message","notNull":false,"type":"string"},{"loopNode":false,"name":"data","notNull":false,"type":"string"}],"classFileName":"/Users/nuo/Desktop/java/DataManagement/./src/main/java/cn/ist/management/common/CommonResult.java","className":"CommonResult","list":false,"showFieldNotNull":false},"url":"/llmProxyService/query"}],"srcFileName":"/Users/nuo/Desktop/java/DataManagement/./src/main/java/cn/ist/management/controller/LLMController.java"},{"baseUrl":"/dataModelService","className":"DataModelController","description":"DataModelController","docFileName":"cn_ist_management_controller_DataModelController.html","generateDocs":false,"packageName":"cn.ist.management.controller","requestNodes":[{"androidCodePath":"javaCodes/cn_ist_management_controller_DataModelController_addDataModel_CommonResult.html","changeFlag":0,"codeFileUrl":"cn_ist_management_controller_DataModelController.html#addDataModel","deprecated":false,"description":"addDataModel","header":[],"iosCodePath":"iosCodes/cn_ist_management_controller_DataModelController_addDataModel_CommonResult.html","method":["POST"],"methodName":"addDataModel","paramNodes":[{"description":"{\n\t\"type\":\"int //model的type同时决定了rule的type（结构、半结构、非结构），但rule还有自己的更加具体的type。         比如当这里model的type为结构，那么rule就一定是结构化的那些rule了，但结构化的rule还可以分为非空rule、比较rule等等。         model的type和dataSource的type并没有关联，比如结构化的model也可以使用半结构的mongodb作为数据源。\",\n\t\"modelName\":\"string\",\n\t\"modal\":\"int\",\n\t\"domain\":\"string\",\n\t\"description\":\"string\",\n\t\"tag\":\"string[]\",\n\t\"fields\":[{\n\t\t\"name\":\"string\",\n\t\t\"type\":\"int\",\n\t\t\"description\":\"string\",\n\t\t\"sensitive\":\"boolean //导出到文件中时进行脱敏\",\n\t\t\"encrypt\":\"boolean //存到系统中时进行加密\",\n\t\t\"secretLevel\":\"int //用户查看时进行密级的判定，用户的level比字段的secretLevel高才能看到\"\n\t}],\n\t\"rules\":[{\n\t\t\"ruleType\":\"int\",\n\t\t\"rule\":\"object //不同rule的数据结构不同，需要看具体的class\"\n\t}]\n}","jsonBody":true,"name":"addModelFromVo","required":true,"type":"_object"}],"responseNode":{"childNodes":[{"loopNode":false,"name":"code","notNull":false,"type":"int"},{"loopNode":false,"name":"message","notNull":false,"type":"string"},{"childNode":{"childNodes":[],"className":"Void","list":false,"showFieldNotNull":false},"loopNode":false,"name":"data","notNull":false,"type":"Object"}],"classFileName":"/Users/nuo/Desktop/java/DataManagement/./src/main/java/cn/ist/management/common/CommonResult.java","className":"CommonResult","list":false,"showFieldNotNull":false},"supplement":"新增一个未添加过的DataModel，此处不进行数据源的绑定","url":"/dataModelService/addDataModel"},{"androidCodePath":"javaCodes/cn_ist_management_controller_DataModelController_bindDataSource_CommonResult.html","changeFlag":0,"codeFileUrl":"cn_ist_management_controller_DataModelController.html#bindDataSource","deprecated":false,"description":"bindDataSource","header":[],"iosCodePath":"iosCodes/cn_ist_management_controller_DataModelController_bindDataSource_CommonResult.html","method":["POST"],"methodName":"bindDataSource","paramNodes":[{"description":"{\n\t\"modelId\":\"string\",\n\t\"sourceIds\":\"string[]\",\n\t\"fieldMaps\":[]\n}","jsonBody":true,"name":"bindDataSourceFromVO","required":true,"type":"_object"}],"responseNode":{"childNodes":[{"loopNode":false,"name":"code","notNull":false,"type":"int"},{"loopNode":false,"name":"message","notNull":false,"type":"string"},{"childNode":{"childNodes":[],"className":"Void","list":false,"showFieldNotNull":false},"loopNode":false,"name":"data","notNull":false,"type":"Object"}],"classFileName":"/Users/nuo/Desktop/java/DataManagement/./src/main/java/cn/ist/management/common/CommonResult.java","className":"CommonResult","list":false,"showFieldNotNull":false},"supplement":"对已有的DataModel的数据源进行绑定","url":"/dataModelService/bindDataSource"},{"androidCodePath":"javaCodes/cn_ist_management_controller_DataModelController_getAllDataModel_CommonResult.html","changeFlag":0,"codeFileUrl":"cn_ist_management_controller_DataModelController.html#getAllDataModel","deprecated":false,"description":"getAllDataModel","header":[],"iosCodePath":"iosCodes/cn_ist_management_controller_DataModelController_getAllDataModel_CommonResult.html","method":["GET"],"methodName":"getAllDataModel","paramNodes":[],"responseNode":{"childNodes":[{"loopNode":false,"name":"code","notNull":false,"type":"int"},{"loopNode":false,"name":"message","notNull":false,"type":"string"},{"childNode":{"childNodes":[{"loopNode":false,"name":"id","notNull":false,"type":"string"},{"loopNode":false,"name":"modelName","notNull":false,"type":"string"},{"loopNode":false,"name":"modal","notNull":false,"type":"int"},{"loopNode":false,"name":"type","notNull":false,"type":"int"},{"loopNode":false,"name":"tag","notNull":false,"type":"string[]"},{"loopNode":false,"name":"domain","notNull":false,"type":"string"},{"loopNode":false,"name":"description","notNull":false,"type":"string"},{"childNode":{"childNodes":[{"loopNode":false,"name":"dataSourceId","notNull":false,"type":"string"},{"loopNode":false,"name":"type","notNull":false,"type":"int"},{"description":"postgresql：ip port username password databaseName     mongodb: ip port username password databaseName     influxdb: ip port username password databaseName     directory: path","loopNode":false,"name":"url","notNull":false,"type":"string"},{"loopNode":false,"name":"tag","notNull":false,"type":"string"},{"loopNode":false,"name":"description","notNull":false,"type":"string"},{"childNode":{"childNodes":[],"className":"Map","list":false,"showFieldNotNull":false},"description":"sourceField : targetField","loopNode":false,"name":"fieldMap","notNull":false,"type":"Object"}],"classFileName":"/Users/nuo/Desktop/java/DataManagement/./src/main/java/cn/ist/management/po/source/DataSource.java","className":"DataSource","list":true,"showFieldNotNull":false},"loopNode":false,"name":"dataSources","notNull":false,"type":"DataSource[]"}],"classFileName":"/Users/nuo/Desktop/java/DataManagement/./src/main/java/cn/ist/management/po/model/DataModel.java","className":"DataModel","list":true,"showFieldNotNull":false},"loopNode":false,"name":"data","notNull":false,"type":"DataModel[]"}],"classFileName":"/Users/nuo/Desktop/java/DataManagement/./src/main/java/cn/ist/management/common/CommonResult.java","className":"CommonResult","list":false,"showFieldNotNull":false},"url":"/dataModelService/getAllDataModel"},{"androidCodePath":"javaCodes/cn_ist_management_controller_DataModelController_testImport_CommonResult.html","changeFlag":0,"codeFileUrl":"cn_ist_management_controller_DataModelController.html#testImport","deprecated":false,"description":"testImport","header":[],"iosCodePath":"iosCodes/cn_ist_management_controller_DataModelController_testImport_CommonResult.html","method":["POST"],"methodName":"testImport","paramNodes":[],"responseNode":{"childNodes":[{"loopNode":false,"name":"code","notNull":false,"type":"int"},{"loopNode":false,"name":"message","notNull":false,"type":"string"},{"childNode":{"childNodes":[],"className":"Void","list":false,"showFieldNotNull":false},"loopNode":false,"name":"data","notNull":false,"type":"Object"}],"classFileName":"/Users/nuo/Desktop/java/DataManagement/./src/main/java/cn/ist/management/common/CommonResult.java","className":"CommonResult","list":false,"showFieldNotNull":false},"supplement":"模拟一下从数据源导入数据的过程","url":"/dataModelService/testImport"},{"androidCodePath":"javaCodes/cn_ist_management_controller_DataModelController_testGet_CommonResult.html","changeFlag":0,"codeFileUrl":"cn_ist_management_controller_DataModelController.html#testGet","deprecated":false,"description":"testGet","header":[],"iosCodePath":"iosCodes/cn_ist_management_controller_DataModelController_testGet_CommonResult.html","method":["POST"],"methodName":"testGet","paramNodes":[],"responseNode":{"childNodes":[{"loopNode":false,"name":"code","notNull":false,"type":"int"},{"loopNode":false,"name":"message","notNull":false,"type":"string"},{"loopNode":false,"name":"data","notNull":false,"type":"object[]"}],"classFileName":"/Users/nuo/Desktop/java/DataManagement/./src/main/java/cn/ist/management/common/CommonResult.java","className":"CommonResult","list":false,"showFieldNotNull":false},"supplement":"模拟一下获取数据过程","url":"/dataModelService/testGet"}],"srcFileName":"/Users/nuo/Desktop/java/DataManagement/./src/main/java/cn/ist/management/controller/DataModelController.java"}]